<?xml version="1.0" encoding="UTF-8" ?>
<!DOCTYPE mapper
  PUBLIC "-//mybatis.org//DTD Mapper 3.0//EN"
  "http://mybatis.org/dtd/mybatis-3-mapper.dtd">
<mapper namespace="CommentMapper">
	<select id="getPno" parameterType="java.lang.Integer" resultType="java.lang.Integer">
		select pno from tbl_comment where cno=#{cno}
	</select>
	<select id="total" parameterType="java.lang.Integer" resultType="java.lang.Integer">
		select count(cno) from tbl_comment where pno=#{pno}
	</select>
	<delete id="remove" parameterType="java.lang.Integer">
		delete from tbl_comment where cno=#{cno}
	</delete>
	<update id="modify" parameterType="cvo">
		update tbl_comment set content=#{content}, modd8=sysdate
		where cno=#{cno}
	</update>
	<insert id="add" parameterType="cvo">
		insert into tbl_comment (cno, pno, content, writer)
		values(seq_comment.nextval, #{pno},#{content},#{writer})
	</insert>
	<select id="list" parameterType="java.util.HashMap" resultType="cvo">
	<![CDATA[
		select cno, pno, content, writer, regd8, modd8
		from (select /*+INDEX(tbl_comment pk_comment)*/
		rownum rn, cno, pno, content, writer, regd8, modd8
		from tbl_comment where pno=#{pno} and rownum <= #{cri.pageNum}*#{cri.amount})
		where rn > (#{cri.pageNum}-1)*#{cri.amount}
	]]>	
	</select>
</mapper>