<?xml version="1.0" encoding="UTF-8" ?>
<!DOCTYPE mapper
  PUBLIC "-//mybatis.org//DTD Mapper 3.0//EN"
  "http://mybatis.org/dtd/mybatis-3-mapper.dtd">
<mapper namespace="QnaMapper">
<sql id="cri">
<if test="type != null">
<trim prefix=" and (" suffix=")">
	<choose>
		<when test="type == 'TCW'.toString()">
			title like '%'||#{keyword}||'%' or 
			content like '%'||#{keyword}||'%' or
			writer like '%'||#{keyword}||'%'			
		</when>
		<when test="type == 'TC'.toString()">
			title like '%'||#{keyword}||'%' or 
			content like '%'||#{keyword}||'%'			
		</when>
		<when test="type == 'TW'.toString()">
			title like '%'||#{keyword}||'%' or			
			writer like '%'||#{keyword}||'%'			
		</when>
		<when test="type == 'CW'.toString()">
			content like '%'||#{keyword}||'%' or
			writer like '%'||#{keyword}||'%'			
		</when>
		<when test="type == 'T'.toString()">
			title like '%'||#{keyword}||'%'			
		</when>
		<when test="type == 'C'.toString()">
			content like '%'||#{keyword}||'%'			
		</when>
		<when test="type == 'W'.toString()">
			writer like '%'||#{keyword}||'%'			
		</when>
	</choose>
	</trim>
</if>
</sql>
	<sql id="qno_cond">
		where qno = #{qno}
	</sql>
	
	<insert id="add" parameterType="qvo">
		insert into tbl_qna
		values(seq_qna.nextval,#{title},#{content},#{writer},
		sysdate,sysdate,0)
	</insert>
	<update id="modify" parameterType="qvo">
		update tbl_qna set
		title = #{title}, content = #{content}, modd8 =
		sysdate
		<include refid="qno_cond" />
	</update>
	<delete id="remove" parameterType="java.lang.Integer">
		delete from tbl_qna
		<include refid="qno_cond" />
	</delete>
	<select id="detail" parameterType="java.lang.Integer"
		resultType="qvo">
		select * from tbl_qna
		<include refid="qno_cond" />
	</select>
	<select id="total" resultType="java.lang.Integer" parameterType="cri">
		select count(qno) from tbl_qna where qno > 0
	</select>
	


	<select id="list" resultType="qvo" parameterType="cri">
	<![CDATA[
		SELECT qno, title, writer,content,readcount, modd8 FROM
		(SELECT /*+INDEX_DESC(tbl_qna tbl_qna_pk)*/
			rownum rn, qno, title, writer,content, readcount, modd8 
			FROM TBL_QNA WHERE qno > 0
	]]>
		<include refid="cri" />
	<![CDATA[		
			 and rownum <= #{pageNum}*#{amount})
		WHERE rn > (#{pageNum}-1)*#{amount}
	 ]]>
	</select>


</mapper>